<application>
  <component name="ExportableFileTemplateSettings">
    <default_templates>
      <template name="Entity.kt" reformat="true" live-template-enabled="false">
        <template name="Entity.kt.child.0.kt" file-name="${NAME}Controller" reformat="true" live-template-enabled="false" />
        <template name="Entity.kt.child.1.kt" file-name="${NAME}Service" reformat="true" live-template-enabled="false" />
        <template name="Entity.kt.child.2.kt" file-name="${NAME}Repository" reformat="true" live-template-enabled="false" />
      </template>
      <template name="Entity.kt.child.0.kt" file-name="${NAME}Controller" reformat="true" live-template-enabled="false" />
      <template name="Entity.kt.child.1.kt" file-name="${NAME}Service" reformat="true" live-template-enabled="false" />
      <template name="Entity.kt.child.2.kt" file-name="${NAME}Repository" reformat="true" live-template-enabled="false" />
    </default_templates>
  </component>
</application>